{"name":"build-javascript","namedChunkGroups":{"polyfill":{"name":"polyfill","assets":[{"name":"webpack-runtime-d591fb814b2ba6fee742.js","size":3444},{"name":"polyfill-07734c120da4d1bcb90d.js","size":85028}],"filteredAssets":0,"assetsSize":88472,"filteredAuxiliaryAssets":2,"auxiliaryAssetsSize":224480},"app":{"name":"app","assets":[{"name":"webpack-runtime-d591fb814b2ba6fee742.js","size":3444},{"name":"framework-0c0b573d54ba1e0a8112.js","size":129882},{"name":"styles.40e8cefaa4b04c44f7b6.css","size":52338},{"name":"app-fbcd577ea4dd478c383c.js","size":94710}],"filteredAssets":0,"assetsSize":280374,"filteredAuxiliaryAssets":59,"auxiliaryAssetsSize":2078199},"component---cache-caches-gatsby-plugin-offline-app-shell-js":{"name":"component---cache-caches-gatsby-plugin-offline-app-shell-js","assets":[{"name":"component---cache-caches-gatsby-plugin-offline-app-shell-js-6c6e89ed7bdd3ef02f99.js","size":539}],"filteredAssets":0,"assetsSize":539,"filteredAuxiliaryAssets":1,"auxiliaryAssetsSize":1677},"component---node-modules-carrotsearch-gatsby-theme-apidocs-templates-documentation-page-js":{"name":"component---node-modules-carrotsearch-gatsby-theme-apidocs-templates-documentation-page-js","assets":[{"name":"cb1608f2-2fd92aa5fb90929d863e.js","size":1224},{"name":"component---node-modules-carrotsearch-gatsby-theme-apidocs-templates-documentation-page-js-bf093d3d8733ffdf7a06.js","size":88368}],"filteredAssets":0,"assetsSize":89592,"filteredAuxiliaryAssets":2,"auxiliaryAssetsSize":1076813}},"assetsByChunkName":{"polyfill":["webpack-runtime-d591fb814b2ba6fee742.js","polyfill-07734c120da4d1bcb90d.js"],"app":["webpack-runtime-d591fb814b2ba6fee742.js","framework-0c0b573d54ba1e0a8112.js","styles.40e8cefaa4b04c44f7b6.css","app-fbcd577ea4dd478c383c.js"],"component---cache-caches-gatsby-plugin-offline-app-shell-js":["component---cache-caches-gatsby-plugin-offline-app-shell-js-6c6e89ed7bdd3ef02f99.js"],"component---node-modules-carrotsearch-gatsby-theme-apidocs-templates-documentation-page-js":["cb1608f2-2fd92aa5fb90929d863e.js","component---node-modules-carrotsearch-gatsby-theme-apidocs-templates-documentation-page-js-bf093d3d8733ffdf7a06.js"]},"childAssetsByChunkName":{}}